"meta_source","dataset_identifier","data_owner","contact_email","file_name","individual_id","device_id","device_type","year","month","day","time","time_zone","deployment_site","deployment_decimal_latitude","deployment_decimal_longitude","sex","how_sexed","age_class","genotyped","age.","progesterone","If.yes..status","comments"
"meta",NA,NA,NA,NA,NA,NA,NA,NA,NA,NA,NA,NA,NA,NA,NA,NA,NA,NA,NA,NA,NA,NA,NA
"track","AMMC",NA,NA,NA,"53348","53348","PTT",NA,NA,NA,NA,NA,NA,NA,NA,NA,NA,NA,NA,NA,NA,NA,NA
"track","AMMC",NA,NA,NA,"53736","53736","PTT",NA,NA,NA,NA,NA,NA,NA,NA,NA,NA,NA,NA,NA,NA,NA,NA
"track","AMMC",NA,NA,NA,"96385","96385","PTT",NA,NA,NA,NA,NA,NA,NA,NA,NA,NA,NA,NA,NA,NA,NA,NA
"track","AMMC",NA,NA,NA,"96386","96386","PTT",NA,NA,NA,NA,NA,NA,NA,NA,NA,NA,NA,NA,NA,NA,NA,NA
"track","AMMC",NA,NA,NA,"96390","96390","PTT",NA,NA,NA,NA,NA,NA,NA,NA,NA,NA,NA,NA,NA,NA,NA,NA
"track","AMMC",NA,NA,NA,"96398","96398","PTT",NA,NA,NA,NA,NA,NA,NA,NA,NA,NA,NA,NA,NA,NA,NA,NA
"track","AMMC",NA,NA,NA,"96403","96403","PTT",NA,NA,NA,NA,NA,NA,NA,NA,NA,NA,NA,NA,NA,NA,NA,NA
"track","AMMC",NA,NA,NA,"96412","96412","PTT",NA,NA,NA,NA,NA,NA,NA,NA,NA,NA,NA,NA,NA,NA,NA,NA
"track","AMMC",NA,NA,NA,"98138","98138","PTT",NA,NA,NA,NA,NA,NA,NA,NA,NA,NA,NA,NA,NA,NA,NA,NA
"track","AMMC",NA,NA,NA,"88733","88733","PTT",NA,NA,NA,NA,NA,NA,NA,NA,NA,NA,NA,NA,NA,NA,NA,NA
"track","AMMC",NA,NA,NA,"88735","88735","PTT",NA,NA,NA,NA,NA,NA,NA,NA,NA,NA,NA,NA,NA,NA,NA,NA
"track","AMMC",NA,NA,NA,"88732","88732","PTT",NA,NA,NA,NA,NA,NA,NA,NA,NA,NA,NA,NA,NA,NA,NA,NA
"track","AMMC",NA,NA,NA,"88723","88723","PTT",NA,NA,NA,NA,NA,NA,NA,NA,NA,NA,NA,NA,NA,NA,NA,NA
"track","AMMC",NA,NA,NA,"88743","88743","PTT",NA,NA,NA,NA,NA,NA,NA,NA,NA,NA,NA,NA,NA,NA,NA,NA
"track","AMMC",NA,NA,NA,"88746","88746","PTT",NA,NA,NA,NA,NA,NA,NA,NA,NA,NA,NA,NA,NA,NA,NA,NA
"track","AMMC",NA,NA,NA,"88744","88744","PTT",NA,NA,NA,NA,NA,NA,NA,NA,NA,NA,NA,NA,NA,NA,NA,NA
"track","AMMC",NA,NA,NA,"88718","88718","PTT",NA,NA,NA,NA,NA,NA,NA,NA,NA,NA,NA,NA,NA,NA,NA,NA
"track","AMMC",NA,NA,NA,"88745","88745","PTT",NA,NA,NA,NA,NA,NA,NA,NA,NA,NA,NA,NA,NA,NA,NA,NA
"track","AMMC",NA,NA,NA,"88725","88725","PTT",NA,NA,NA,NA,NA,NA,NA,NA,NA,NA,NA,NA,NA,NA,NA,NA
"track","AMMC",NA,NA,NA,"88738","88738","PTT",NA,NA,NA,NA,NA,NA,NA,NA,NA,NA,NA,NA,NA,NA,NA,NA
"track","AMMC",NA,NA,NA,"88722","88722","PTT",NA,NA,NA,NA,NA,NA,NA,NA,NA,NA,NA,NA,NA,NA,NA,NA
"track","AMMC",NA,NA,NA,"88729","88729","PTT",NA,NA,NA,NA,NA,NA,NA,NA,NA,NA,NA,NA,NA,NA,NA,NA
"track","AMMC",NA,NA,NA,"88717","88717","PTT",NA,NA,NA,NA,NA,NA,NA,NA,NA,NA,NA,NA,NA,NA,NA,NA
"track","AMMC",NA,NA,NA,"88728","88728","PTT",NA,NA,NA,NA,NA,NA,NA,NA,NA,NA,NA,NA,NA,NA,NA,NA
"track","AMMC",NA,NA,NA,"88741","88741","PTT",NA,NA,NA,NA,NA,NA,NA,NA,NA,NA,NA,NA,NA,NA,NA,NA
"track","AMMC",NA,NA,NA,"98139","98139","PTT",NA,NA,NA,NA,NA,NA,NA,NA,NA,NA,NA,NA,NA,NA,NA,NA
"track","AMMC",NA,NA,NA,"98114.2","98114.2","PTT",NA,NA,NA,NA,NA,NA,NA,NA,NA,NA,NA,NA,NA,NA,NA,NA
"track","AMMC",NA,NA,NA,"98100.1","98100.1","PTT",NA,NA,NA,NA,NA,NA,NA,NA,NA,NA,NA,NA,NA,NA,NA,NA
"track","AMMC",NA,NA,NA,"64235","64235","PTT",NA,NA,NA,NA,NA,NA,NA,NA,NA,NA,NA,NA,NA,NA,NA,NA
"track","AMMC",NA,NA,NA,"98129","98129","PTT",NA,NA,NA,NA,NA,NA,NA,NA,NA,NA,NA,NA,NA,NA,NA,NA
"track","AMMC",NA,NA,NA,"96382","96382","PTT",NA,NA,NA,NA,NA,NA,NA,NA,NA,NA,NA,NA,NA,NA,NA,NA
"track","AMMC",NA,NA,NA,"112739","112739","PTT",NA,NA,NA,NA,NA,NA,NA,NA,NA,NA,NA,NA,NA,NA,NA,NA
"track","AMMC",NA,NA,NA,"112743","112743","PTT",NA,NA,NA,NA,NA,NA,NA,NA,NA,NA,NA,NA,NA,NA,NA,NA
"track","AMMC",NA,NA,NA,"112735","112735","PTT",NA,NA,NA,NA,NA,NA,NA,NA,NA,NA,NA,NA,NA,NA,NA,NA
"track","AMMC",NA,NA,NA,"121196","121196","PTT",NA,NA,NA,NA,NA,NA,NA,NA,NA,NA,NA,NA,NA,NA,NA,NA
"track","AMMC",NA,NA,NA,"120941","120941","PTT",NA,NA,NA,NA,NA,NA,NA,NA,NA,NA,NA,NA,NA,NA,NA,NA
"track","AMMC",NA,NA,NA,"121190","121190","PTT",NA,NA,NA,NA,NA,NA,NA,NA,NA,NA,NA,NA,NA,NA,NA,NA
"track","AMMC",NA,NA,NA,"112720","112720","PTT",NA,NA,NA,NA,NA,NA,NA,NA,NA,NA,NA,NA,NA,NA,NA,NA
"track","AMMC",NA,NA,NA,"121204","121204","PTT",NA,NA,NA,NA,NA,NA,NA,NA,NA,NA,NA,NA,NA,NA,NA,NA
"track","AMMC",NA,NA,NA,"112744","112744","PTT",NA,NA,NA,NA,NA,NA,NA,NA,NA,NA,NA,NA,NA,NA,NA,NA
"track","AMMC",NA,NA,NA,"120939","120939","PTT",NA,NA,NA,NA,NA,NA,NA,NA,NA,NA,NA,NA,NA,NA,NA,NA
"track","AMMC",NA,NA,NA,"Entangled whale","Entangled whale","PTT",NA,NA,NA,NA,NA,NA,NA,NA,NA,NA,NA,NA,NA,NA,NA,NA
"track","AMMC",NA,NA,NA,"131161","131161","PTT",NA,NA,NA,NA,NA,NA,NA,NA,NA,NA,NA,NA,NA,NA,NA,NA
"track","AMMC",NA,NA,NA,"131164","131164","PTT",NA,NA,NA,NA,NA,NA,NA,NA,NA,NA,NA,NA,NA,NA,NA,NA
"track","AMMC",NA,NA,NA,"131166","131166","PTT",NA,NA,NA,NA,NA,NA,NA,NA,NA,NA,NA,NA,NA,NA,NA,NA
"track","AMMC",NA,NA,NA,"131168","131168","PTT",NA,NA,NA,NA,NA,NA,NA,NA,NA,NA,NA,NA,NA,NA,NA,NA
"track","AMMC",NA,NA,NA,"131163","131163","PTT",NA,NA,NA,NA,NA,NA,NA,NA,NA,NA,NA,NA,NA,NA,NA,NA
"track","AMMC",NA,NA,NA,"131152","131152","PTT",NA,NA,NA,NA,NA,NA,NA,NA,NA,NA,NA,NA,NA,NA,NA,NA
"track","AMMC",NA,NA,NA,"131169","131169","PTT",NA,NA,NA,NA,NA,NA,NA,NA,NA,NA,NA,NA,NA,NA,NA,NA
"track","AMMC",NA,NA,NA,"131170","131170","PTT",NA,NA,NA,NA,NA,NA,NA,NA,NA,NA,NA,NA,NA,NA,NA,NA
"track","AMMC",NA,NA,NA,"131148","131148","PTT",NA,NA,NA,NA,NA,NA,NA,NA,NA,NA,NA,NA,NA,NA,NA,NA
"track","AMMC",NA,NA,NA,"131165","131165","PTT",NA,NA,NA,NA,NA,NA,NA,NA,NA,NA,NA,NA,NA,NA,NA,NA
"track","AMMC",NA,NA,NA,"131167","131167","PTT",NA,NA,NA,NA,NA,NA,NA,NA,NA,NA,NA,NA,NA,NA,NA,NA
"track","AMMC",NA,NA,NA,"112742","112742","PTT",NA,NA,NA,NA,NA,NA,NA,NA,NA,NA,NA,NA,NA,NA,NA,NA
"track","AMMC",NA,NA,NA,"131150","131150","PTT",NA,NA,NA,NA,NA,NA,NA,NA,NA,NA,NA,NA,NA,NA,NA,NA
"track","AMMC",NA,NA,NA,"154856","154856","PTT",NA,NA,NA,NA,NA,NA,NA,NA,NA,NA,NA,NA,NA,NA,NA,NA
"track","AMMC",NA,NA,NA,"154861","154861","PTT",NA,NA,NA,NA,NA,NA,NA,NA,NA,NA,NA,NA,NA,NA,NA,NA
"track","AMMC",NA,NA,NA,"154857","154857","PTT",NA,NA,NA,NA,NA,NA,NA,NA,NA,NA,NA,NA,NA,NA,NA,NA
"track","AMMC",NA,NA,NA,"154858","154858","PTT",NA,NA,NA,NA,NA,NA,NA,NA,NA,NA,NA,NA,NA,NA,NA,NA
"track","AMMC",NA,NA,NA,"154851","154851","PTT",NA,NA,NA,NA,NA,NA,NA,NA,NA,NA,NA,NA,NA,NA,NA,NA
"track","AMMC",NA,NA,NA,"154850","154850","PTT",NA,NA,NA,NA,NA,NA,NA,NA,NA,NA,NA,NA,NA,NA,NA,NA
"track","AMMC",NA,NA,NA,"154855","154855","PTT",NA,NA,NA,NA,NA,NA,NA,NA,NA,NA,NA,NA,NA,NA,NA,NA
"track","AMMC",NA,NA,NA,"154860","154860","PTT",NA,NA,NA,NA,NA,NA,NA,NA,NA,NA,NA,NA,NA,NA,NA,NA
"track","AMMC",NA,NA,NA,"154871","154871","PTT",NA,NA,NA,NA,NA,NA,NA,NA,NA,NA,NA,NA,NA,NA,NA,NA
"track","AMMC",NA,NA,NA,"154870","154870","PTT",NA,NA,NA,NA,NA,NA,NA,NA,NA,NA,NA,NA,NA,NA,NA,NA
"track","AMMC",NA,NA,NA,"154869","154869","PTT",NA,NA,NA,NA,NA,NA,NA,NA,NA,NA,NA,NA,NA,NA,NA,NA
"track","AMMC",NA,NA,NA,"154872","154872","PTT",NA,NA,NA,NA,NA,NA,NA,NA,NA,NA,NA,NA,NA,NA,NA,NA
"track","AMMC",NA,NA,NA,"154853","154853","PTT",NA,NA,NA,NA,NA,NA,NA,NA,NA,NA,NA,NA,NA,NA,NA,NA
"track","AMMC",NA,NA,NA,"154874","154874","PTT",NA,NA,NA,NA,NA,NA,NA,NA,NA,NA,NA,NA,NA,NA,NA,NA
"track","AMMC",NA,NA,NA,"154873","154873","PTT",NA,NA,NA,NA,NA,NA,NA,NA,NA,NA,NA,NA,NA,NA,NA,NA
"track","AMMC",NA,NA,NA,"154868","154868","PTT",NA,NA,NA,NA,NA,NA,NA,NA,NA,NA,NA,NA,NA,NA,NA,NA
"track","AMMC",NA,NA,NA,"154859","154859","PTT",NA,NA,NA,NA,NA,NA,NA,NA,NA,NA,NA,NA,NA,NA,NA,NA
"track","AMMC",NA,NA,NA,"154862","154862","PTT",NA,NA,NA,NA,NA,NA,NA,NA,NA,NA,NA,NA,NA,NA,NA,NA
"track","AMMC",NA,NA,NA,"154867","154867","PTT",NA,NA,NA,NA,NA,NA,NA,NA,NA,NA,NA,NA,NA,NA,NA,NA
"track","AMMC",NA,NA,NA,"154849","154849","PTT",NA,NA,NA,NA,NA,NA,NA,NA,NA,NA,NA,NA,NA,NA,NA,NA
"track","AMMC",NA,NA,NA,"154852","154852","PTT",NA,NA,NA,NA,NA,NA,NA,NA,NA,NA,NA,NA,NA,NA,NA,NA
"track","AMMC",NA,NA,NA,"154876","154876","PTT",NA,NA,NA,NA,NA,NA,NA,NA,NA,NA,NA,NA,NA,NA,NA,NA
"track","AMMC",NA,NA,NA,"131181","131181","PTT",NA,NA,NA,NA,NA,NA,NA,NA,NA,NA,NA,NA,NA,NA,NA,NA
"track","AMMC",NA,NA,NA,"113215","113215","PTT",NA,NA,NA,NA,NA,NA,NA,NA,NA,NA,NA,NA,NA,NA,NA,NA
"track","AMMC",NA,NA,NA,"154877","154877","PTT",NA,NA,NA,NA,NA,NA,NA,NA,NA,NA,NA,NA,NA,NA,NA,NA
"track","AMMC",NA,NA,NA,"154875","154875","PTT",NA,NA,NA,NA,NA,NA,NA,NA,NA,NA,NA,NA,NA,NA,NA,NA
"track","AMMC",NA,NA,NA,"154848","154848","PTT",NA,NA,NA,NA,NA,NA,NA,NA,NA,NA,NA,NA,NA,NA,NA,NA
"track","AMMC",NA,NA,NA,"113224","113224","PTT",NA,NA,NA,NA,NA,NA,NA,NA,NA,NA,NA,NA,NA,NA,NA,NA
"track","AMMC",NA,NA,NA,"112693","112693","PTT",NA,NA,NA,NA,NA,NA,NA,NA,NA,NA,NA,NA,NA,NA,NA,NA
"track","AMMC",NA,NA,NA,"113218","113218","PTT",NA,NA,NA,NA,NA,NA,NA,NA,NA,NA,NA,NA,NA,NA,NA,NA
"track","AMMC",NA,NA,NA,"131140","131140","PTT",NA,NA,NA,NA,NA,NA,NA,NA,NA,NA,NA,NA,NA,NA,NA,NA
"track","AMMC",NA,NA,NA,"113220","113220","PTT",NA,NA,NA,NA,NA,NA,NA,NA,NA,NA,NA,NA,NA,NA,NA,NA
"track","AMMC",NA,NA,NA,"112724","112724","PTT",NA,NA,NA,NA,NA,NA,NA,NA,NA,NA,NA,NA,NA,NA,NA,NA
"track","Constantine_Raoul_2015",NA,NA,NA,"88727","88727","PTT",NA,NA,NA,NA,NA,NA,NA,NA,NA,NA,NA,NA,NA,NA,NA,NA
"track","Constantine_Raoul_2015",NA,NA,NA,"102211","102211","PTT",NA,NA,NA,NA,NA,NA,NA,NA,NA,NA,NA,NA,NA,NA,NA,NA
"track","Constantine_Raoul_2015",NA,NA,NA,"102218","102218","PTT",NA,NA,NA,NA,NA,NA,NA,NA,NA,NA,NA,NA,NA,NA,NA,NA
"track","Constantine_Raoul_2015",NA,NA,NA,"111866","111866","PTT",NA,NA,NA,NA,NA,NA,NA,NA,NA,NA,NA,NA,NA,NA,NA,NA
"track","Constantine_Raoul_2015",NA,NA,NA,"111871","111871","PTT",NA,NA,NA,NA,NA,NA,NA,NA,NA,NA,NA,NA,NA,NA,NA,NA
"track","Constantine_Raoul_2015",NA,NA,NA,"112694","112694","PTT",NA,NA,NA,NA,NA,NA,NA,NA,NA,NA,NA,NA,NA,NA,NA,NA
"track","Constantine_Raoul_2015",NA,NA,NA,"112718","112718","PTT",NA,NA,NA,NA,NA,NA,NA,NA,NA,NA,NA,NA,NA,NA,NA,NA
"track","Constantine_Raoul_2015",NA,NA,NA,"112721","112721","PTT",NA,NA,NA,NA,NA,NA,NA,NA,NA,NA,NA,NA,NA,NA,NA,NA
"track","Constantine_Raoul_2015",NA,NA,NA,"112722","112722","PTT",NA,NA,NA,NA,NA,NA,NA,NA,NA,NA,NA,NA,NA,NA,NA,NA
"track","Constantine_Raoul_2015",NA,NA,NA,"112723","112723","PTT",NA,NA,NA,NA,NA,NA,NA,NA,NA,NA,NA,NA,NA,NA,NA,NA
"track","Constantine_Raoul_2015",NA,NA,NA,"131172","131172","PTT",NA,NA,NA,NA,NA,NA,NA,NA,NA,NA,NA,NA,NA,NA,NA,NA
"track","Constantine_Raoul_2015",NA,NA,NA,"131173","131173","PTT",NA,NA,NA,NA,NA,NA,NA,NA,NA,NA,NA,NA,NA,NA,NA,NA
"track","Constantine_Raoul_2015",NA,NA,NA,"131175","131175","PTT",NA,NA,NA,NA,NA,NA,NA,NA,NA,NA,NA,NA,NA,NA,NA,NA
"track","Constantine_Raoul_2015",NA,NA,NA,"131178","131178","PTT",NA,NA,NA,NA,NA,NA,NA,NA,NA,NA,NA,NA,NA,NA,NA,NA
"track","Constantine_Raoul_2015",NA,NA,NA,"131179","131179","PTT",NA,NA,NA,NA,NA,NA,NA,NA,NA,NA,NA,NA,NA,NA,NA,NA
"track","Constantine_Raoul_2015",NA,NA,NA,"131182","131182","PTT",NA,NA,NA,NA,NA,NA,NA,NA,NA,NA,NA,NA,NA,NA,NA,NA
"track","Constantine_Raoul_2015",NA,NA,NA,"131185","131185","PTT",NA,NA,NA,NA,NA,NA,NA,NA,NA,NA,NA,NA,NA,NA,NA,NA
"track","Constantine_Raoul_2015",NA,NA,NA,"131187","131187","PTT",NA,NA,NA,NA,NA,NA,NA,NA,NA,NA,NA,NA,NA,NA,NA,NA
"track","Constantine_Raoul_2015",NA,NA,NA,"131188","131188","PTT",NA,NA,NA,NA,NA,NA,NA,NA,NA,NA,NA,NA,NA,NA,NA,NA
"track","Constantine_Raoul_2015",NA,NA,NA,"131190","131190","PTT",NA,NA,NA,NA,NA,NA,NA,NA,NA,NA,NA,NA,NA,NA,NA,NA
"track","CWR_WAVES_2014",NA,NA,NA,"Mn_WAVES14_Sat1","121221","PTT",NA,NA,NA,NA,NA,NA,NA,NA,NA,NA,NA,NA,NA,NA,NA,NA
"track","CWR_WAVES_2014",NA,NA,NA,"Mn_WAVES14_Sat2","121222","PTT",NA,NA,NA,NA,NA,NA,NA,NA,NA,NA,NA,NA,NA,NA,NA,NA
"track","CWR_WAVES_2014",NA,NA,NA,"Mn_WAVES14_Sat3","121223","PTT",NA,NA,NA,NA,NA,NA,NA,NA,NA,NA,NA,NA,NA,NA,NA,NA
"track","CWR_WAVES_2014",NA,NA,NA,"Mn_WAVES14_Sat5","121224","PTT",NA,NA,NA,NA,NA,NA,NA,NA,NA,NA,NA,NA,NA,NA,NA,NA
"track","CWR_WAVES_2014",NA,NA,NA,"Mn_WAVES14_Sat4","121225","PTT",NA,NA,NA,NA,NA,NA,NA,NA,NA,NA,NA,NA,NA,NA,NA,NA
"track","CWR_WAVES_2014",NA,NA,NA,"Mn_WAVES14_Lander01","95805","GPS",NA,NA,NA,NA,NA,NA,NA,NA,NA,NA,NA,NA,NA,NA,NA,NA
"track","DallaRosa_AP",NA,NA,NA,"20683","20683","PTT",NA,NA,NA,NA,NA,NA,NA,NA,NA,NA,NA,NA,NA,NA,NA,NA
"track","DallaRosa_AP",NA,NA,NA,"20689","20689","PTT",NA,NA,NA,NA,NA,NA,NA,NA,NA,NA,NA,NA,NA,NA,NA,NA
"track","DallaRosa_AP",NA,NA,NA,"21809","21809","PTT",NA,NA,NA,NA,NA,NA,NA,NA,NA,NA,NA,NA,NA,NA,NA,NA
"track","DallaRosa_AP",NA,NA,NA,"24639","24639","PTT",NA,NA,NA,NA,NA,NA,NA,NA,NA,NA,NA,NA,NA,NA,NA,NA
"track","DallaRosa_AP",NA,NA,NA,"24640","24640","PTT",NA,NA,NA,NA,NA,NA,NA,NA,NA,NA,NA,NA,NA,NA,NA,NA
"track","DallaRosa_AP",NA,NA,NA,"26715","26715","PTT",NA,NA,NA,NA,NA,NA,NA,NA,NA,NA,NA,NA,NA,NA,NA,NA
"track","DallaRosa_AP",NA,NA,NA,"63375","63375","PTT",NA,NA,NA,NA,NA,NA,NA,NA,NA,NA,NA,NA,NA,NA,NA,NA
"track","DallaRosa_AP",NA,NA,NA,"63376","63376","PTT",NA,NA,NA,NA,NA,NA,NA,NA,NA,NA,NA,NA,NA,NA,NA,NA
"track","DallaRosa_AP",NA,NA,NA,"63377","63377","PTT",NA,NA,NA,NA,NA,NA,NA,NA,NA,NA,NA,NA,NA,NA,NA,NA
"track","DallaRosa_AP",NA,NA,NA,"63378","63378","PTT",NA,NA,NA,NA,NA,NA,NA,NA,NA,NA,NA,NA,NA,NA,NA,NA
"track","Friedlaender_2012",NA,NA,NA,"112692","112692","PTT",NA,NA,NA,NA,NA,NA,NA,NA,NA,NA,NA,NA,NA,NA,NA,NA
"track","Friedlaender_2012",NA,NA,NA,"112699","112699","PTT",NA,NA,NA,NA,NA,NA,NA,NA,NA,NA,NA,NA,NA,NA,NA,NA
"track","Friedlaender_2012",NA,NA,NA,"112701","112701","PTT",NA,NA,NA,NA,NA,NA,NA,NA,NA,NA,NA,NA,NA,NA,NA,NA
"track","Friedlaender_2012",NA,NA,NA,"112703","112703","PTT",NA,NA,NA,NA,NA,NA,NA,NA,NA,NA,NA,NA,NA,NA,NA,NA
"track","Friedlaender_2012",NA,NA,NA,"112704","112704","PTT",NA,NA,NA,NA,NA,NA,NA,NA,NA,NA,NA,NA,NA,NA,NA,NA
"track","Friedlaender_2012",NA,NA,NA,"112705","112705","PTT",NA,NA,NA,NA,NA,NA,NA,NA,NA,NA,NA,NA,NA,NA,NA,NA
"track","Friedlaender_2013",NA,NA,NA,"112737","112737","PTT",NA,NA,NA,NA,NA,NA,NA,NA,NA,NA,NA,NA,NA,NA,NA,NA
"track","Friedlaender_2013",NA,NA,NA,"112738","112738","PTT",NA,NA,NA,NA,NA,NA,NA,NA,NA,NA,NA,NA,NA,NA,NA,NA
"track","Friedlaender_2013",NA,NA,NA,"112746","112746","PTT",NA,NA,NA,NA,NA,NA,NA,NA,NA,NA,NA,NA,NA,NA,NA,NA
"track","Friedlaender_2013",NA,NA,NA,"121207","121207","PTT",NA,NA,NA,NA,NA,NA,NA,NA,NA,NA,NA,NA,NA,NA,NA,NA
"track","Friedlaender_2013",NA,NA,NA,"121208","121208","PTT",NA,NA,NA,NA,NA,NA,NA,NA,NA,NA,NA,NA,NA,NA,NA,NA
"track","Friedlaender_2013",NA,NA,NA,"121210","121210","PTT",NA,NA,NA,NA,NA,NA,NA,NA,NA,NA,NA,NA,NA,NA,NA,NA
"track","Friedlaender_2013",NA,NA,NA,"121211","121211","PTT",NA,NA,NA,NA,NA,NA,NA,NA,NA,NA,NA,NA,NA,NA,NA,NA
"track","Friedlaender_2013",NA,NA,NA,"121212","121212","PTT",NA,NA,NA,NA,NA,NA,NA,NA,NA,NA,NA,NA,NA,NA,NA,NA
"track","Friedlaender_2013",NA,NA,NA,"123224","123224","PTT",NA,NA,NA,NA,NA,NA,NA,NA,NA,NA,NA,NA,NA,NA,NA,NA
"track","Friedlaender_2013",NA,NA,NA,"123231","123231","PTT",NA,NA,NA,NA,NA,NA,NA,NA,NA,NA,NA,NA,NA,NA,NA,NA
"track","Friedlaender_2013",NA,NA,NA,"123232","123232","PTT",NA,NA,NA,NA,NA,NA,NA,NA,NA,NA,NA,NA,NA,NA,NA,NA
"track","Friedlaender_2013",NA,NA,NA,"123236","123236","PTT",NA,NA,NA,NA,NA,NA,NA,NA,NA,NA,NA,NA,NA,NA,NA,NA
"track","Friedlaender_2015",NA,NA,NA,"131141","131141","PTT",NA,NA,NA,NA,NA,NA,NA,NA,NA,NA,NA,NA,NA,NA,NA,NA
"track","Friedlaender_2015",NA,NA,NA,"131143","131143","PTT",NA,NA,NA,NA,NA,NA,NA,NA,NA,NA,NA,NA,NA,NA,NA,NA
"track","Friedlaender_2015",NA,NA,NA,"131144","131144","PTT",NA,NA,NA,NA,NA,NA,NA,NA,NA,NA,NA,NA,NA,NA,NA,NA
"track","Friedlaender_2015",NA,NA,NA,"131146","131146","PTT",NA,NA,NA,NA,NA,NA,NA,NA,NA,NA,NA,NA,NA,NA,NA,NA
"track","Friedlaender_2015",NA,NA,NA,"131147","131147","PTT",NA,NA,NA,NA,NA,NA,NA,NA,NA,NA,NA,NA,NA,NA,NA,NA
"track","Friedlaender_2015",NA,NA,NA,"131151","131151","PTT",NA,NA,NA,NA,NA,NA,NA,NA,NA,NA,NA,NA,NA,NA,NA,NA
"track","Friedlaender_2015",NA,NA,NA,"131153","131153","PTT",NA,NA,NA,NA,NA,NA,NA,NA,NA,NA,NA,NA,NA,NA,NA,NA
"track","Friedlaender_2016",NA,NA,NA,"131111","131111","PTT",NA,NA,NA,NA,NA,NA,NA,NA,NA,NA,NA,NA,NA,NA,NA,NA
"track","Friedlaender_2016",NA,NA,NA,"131115","131115","PTT",NA,NA,NA,NA,NA,NA,NA,NA,NA,NA,NA,NA,NA,NA,NA,NA
"track","Friedlaender_2016",NA,NA,NA,"131116","131116","PTT",NA,NA,NA,NA,NA,NA,NA,NA,NA,NA,NA,NA,NA,NA,NA,NA
"track","Friedlaender_2016",NA,NA,NA,"131127","131127","PTT",NA,NA,NA,NA,NA,NA,NA,NA,NA,NA,NA,NA,NA,NA,NA,NA
"track","Friedlaender_2016",NA,NA,NA,"131128","131128","PTT",NA,NA,NA,NA,NA,NA,NA,NA,NA,NA,NA,NA,NA,NA,NA,NA
"track","Friedlaender_2016",NA,NA,NA,"131130","131130","PTT",NA,NA,NA,NA,NA,NA,NA,NA,NA,NA,NA,NA,NA,NA,NA,NA
"track","Friedlaender_2016",NA,NA,NA,"131132","131132","PTT",NA,NA,NA,NA,NA,NA,NA,NA,NA,NA,NA,NA,NA,NA,NA,NA
"track","Friedlaender_2016",NA,NA,NA,"131133","131133","PTT",NA,NA,NA,NA,NA,NA,NA,NA,NA,NA,NA,NA,NA,NA,NA,NA
"track","Friedlaender_2016",NA,NA,NA,"131134","131134","PTT",NA,NA,NA,NA,NA,NA,NA,NA,NA,NA,NA,NA,NA,NA,NA,NA
"track","Friedlaender_2016",NA,NA,NA,"131136","131136","PTT",NA,NA,NA,NA,NA,NA,NA,NA,NA,NA,NA,NA,NA,NA,NA,NA
"track","Friedlaender_2016",NA,NA,NA,"131142","131142","PTT",NA,NA,NA,NA,NA,NA,NA,NA,NA,NA,NA,NA,NA,NA,NA,NA
"track","Friedlaender_2016",NA,NA,NA,"131156","131156","PTT",NA,NA,NA,NA,NA,NA,NA,NA,NA,NA,NA,NA,NA,NA,NA,NA
"track","Friedlaender_2016",NA,NA,NA,"131158","131158","PTT",NA,NA,NA,NA,NA,NA,NA,NA,NA,NA,NA,NA,NA,NA,NA,NA
"track","Friedlaender_2016",NA,NA,NA,"131159","131159","PTT",NA,NA,NA,NA,NA,NA,NA,NA,NA,NA,NA,NA,NA,NA,NA,NA
"track","Friedlaender_2016",NA,NA,NA,"131162","131162","PTT",NA,NA,NA,NA,NA,NA,NA,NA,NA,NA,NA,NA,NA,NA,NA,NA
"track","Friedlaender_2016",NA,NA,NA,"154187","154187","PTT",NA,NA,NA,NA,NA,NA,NA,NA,NA,NA,NA,NA,NA,NA,NA,NA
"track","Friedlaender_2017",NA,NA,NA,"166122","166122","PTT",NA,NA,NA,NA,NA,NA,NA,NA,NA,NA,NA,NA,NA,NA,NA,NA
"track","Friedlaender_2017",NA,NA,NA,"166123","166123","PTT",NA,NA,NA,NA,NA,NA,NA,NA,NA,NA,NA,NA,NA,NA,NA,NA
"track","Friedlaender_2017",NA,NA,NA,"166124","166124","PTT",NA,NA,NA,NA,NA,NA,NA,NA,NA,NA,NA,NA,NA,NA,NA,NA
"track","Friedlaender_2017",NA,NA,NA,"166125","166125","PTT",NA,NA,NA,NA,NA,NA,NA,NA,NA,NA,NA,NA,NA,NA,NA,NA
"track","Friedlaender_2017",NA,NA,NA,"166126","166126","PTT",NA,NA,NA,NA,NA,NA,NA,NA,NA,NA,NA,NA,NA,NA,NA,NA
"track","Friedlaender_2017",NA,NA,NA,"166127","166127","PTT",NA,NA,NA,NA,NA,NA,NA,NA,NA,NA,NA,NA,NA,NA,NA,NA
"track","Friedlaender_2017",NA,NA,NA,"166128","166128","PTT",NA,NA,NA,NA,NA,NA,NA,NA,NA,NA,NA,NA,NA,NA,NA,NA
"track","Friedlaender_2018",NA,NA,NA,"170328","170328","PTT",NA,NA,NA,NA,NA,NA,NA,NA,NA,NA,NA,NA,NA,NA,NA,NA
"track","Friedlaender_2018",NA,NA,NA,"173519","173519","PTT",NA,NA,NA,NA,NA,NA,NA,NA,NA,NA,NA,NA,NA,NA,NA,NA
"track","Friedlaender_2018",NA,NA,NA,"173522","173522","PTT",NA,NA,NA,NA,NA,NA,NA,NA,NA,NA,NA,NA,NA,NA,NA,NA
"track","Friedlaender_2018",NA,NA,NA,"173523","173523","PTT",NA,NA,NA,NA,NA,NA,NA,NA,NA,NA,NA,NA,NA,NA,NA,NA
"track","Friedlaender_2018",NA,NA,NA,"173524","173524","PTT",NA,NA,NA,NA,NA,NA,NA,NA,NA,NA,NA,NA,NA,NA,NA,NA
"track","Friedlaender_2018",NA,NA,NA,"173525","173525","PTT",NA,NA,NA,NA,NA,NA,NA,NA,NA,NA,NA,NA,NA,NA,NA,NA
"track","Friedlaender_2018",NA,NA,NA,"173526","173526","PTT",NA,NA,NA,NA,NA,NA,NA,NA,NA,NA,NA,NA,NA,NA,NA,NA
"track","Friedlaender_2018",NA,NA,NA,"173528","173528","PTT",NA,NA,NA,NA,NA,NA,NA,NA,NA,NA,NA,NA,NA,NA,NA,NA
"track","Friedlaender_2018",NA,NA,NA,"173530","173530","PTT",NA,NA,NA,NA,NA,NA,NA,NA,NA,NA,NA,NA,NA,NA,NA,NA
"track","Friedlaender_2018",NA,NA,NA,"173531","173531","PTT",NA,NA,NA,NA,NA,NA,NA,NA,NA,NA,NA,NA,NA,NA,NA,NA
"track","New-Caledonia-HW",NA,NA,NA,"HNC1284","34215","PTT",NA,NA,NA,NA,NA,NA,NA,NA,NA,NA,NA,NA,NA,NA,NA,NA
"track","New-Caledonia-HW",NA,NA,NA,"HNC960","87761","PTT",NA,NA,NA,NA,NA,NA,NA,NA,NA,NA,NA,NA,NA,NA,NA,NA
"track","OSU_2007ANT",NA,NA,NA,"2007ANT-00828","828","PTT",NA,NA,NA,NA,NA,NA,NA,NA,NA,NA,NA,NA,NA,NA,NA,NA
"track","OSU_2007ANT",NA,NA,NA,"2007ANT-23029","23029","PTT",NA,NA,NA,NA,NA,NA,NA,NA,NA,NA,NA,NA,NA,NA,NA,NA
"track","OSU_2007ANT",NA,NA,NA,"2007ANT-23030","23030","PTT",NA,NA,NA,NA,NA,NA,NA,NA,NA,NA,NA,NA,NA,NA,NA,NA
"track","OSU_2007ANT",NA,NA,NA,"2007ANT-23031","23031","PTT",NA,NA,NA,NA,NA,NA,NA,NA,NA,NA,NA,NA,NA,NA,NA,NA
"track","OSU_2007ANT",NA,NA,NA,"2007ANT-23032","23032","PTT",NA,NA,NA,NA,NA,NA,NA,NA,NA,NA,NA,NA,NA,NA,NA,NA
"track","OSU_2007ANT",NA,NA,NA,"2007ANT-23033","23033","PTT",NA,NA,NA,NA,NA,NA,NA,NA,NA,NA,NA,NA,NA,NA,NA,NA
"track","OSU_2007ANT",NA,NA,NA,"2007ANT-23035","23035","PTT",NA,NA,NA,NA,NA,NA,NA,NA,NA,NA,NA,NA,NA,NA,NA,NA
"track","OSU_2007ANT",NA,NA,NA,"2007ANT-23037","23037","PTT",NA,NA,NA,NA,NA,NA,NA,NA,NA,NA,NA,NA,NA,NA,NA,NA
"track","OSU_2007ANT",NA,NA,NA,"2007ANT-23038","23038","PTT",NA,NA,NA,NA,NA,NA,NA,NA,NA,NA,NA,NA,NA,NA,NA,NA
"track","OSU_2007ANT",NA,NA,NA,"2007ANT-23040","23040","PTT",NA,NA,NA,NA,NA,NA,NA,NA,NA,NA,NA,NA,NA,NA,NA,NA
"track","OSU_2007ANT",NA,NA,NA,"2007ANT-23041","23041","PTT",NA,NA,NA,NA,NA,NA,NA,NA,NA,NA,NA,NA,NA,NA,NA,NA
"track","OSU_2007ANT",NA,NA,NA,"2007ANT-23042","23042","PTT",NA,NA,NA,NA,NA,NA,NA,NA,NA,NA,NA,NA,NA,NA,NA,NA
"track","Rosenbaum",NA,NA,NA,"2082","2082","PTT",NA,NA,NA,NA,NA,NA,NA,NA,NA,NA,NA,NA,NA,NA,NA,NA
"track","Rosenbaum",NA,NA,NA,"4174","4174","PTT",NA,NA,NA,NA,NA,NA,NA,NA,NA,NA,NA,NA,NA,NA,NA,NA
"track","Oceans&Coasts_Seakamela",NA,NA,NA,"149176","149176","PTT",NA,NA,NA,NA,NA,NA,NA,NA,NA,NA,NA,NA,NA,NA,NA,NA
"track","Oceans&Coasts_Seakamela",NA,NA,NA,"149177","149177","PTT",NA,NA,NA,NA,NA,NA,NA,NA,NA,NA,NA,NA,NA,NA,NA,NA
"track","Oceans&Coasts_Seakamela",NA,NA,NA,"149178","149178","PTT",NA,NA,NA,NA,NA,NA,NA,NA,NA,NA,NA,NA,NA,NA,NA,NA
"track","Oceans&Coasts_Seakamela",NA,NA,NA,"149179","149179","PTT",NA,NA,NA,NA,NA,NA,NA,NA,NA,NA,NA,NA,NA,NA,NA,NA
"track","Oceans&Coasts_Seakamela",NA,NA,NA,"149180","149180","PTT",NA,NA,NA,NA,NA,NA,NA,NA,NA,NA,NA,NA,NA,NA,NA,NA
"track","Oceans&Coasts_Seakamela",NA,NA,NA,"131129","131129","PTT",NA,NA,NA,NA,NA,NA,NA,NA,NA,NA,NA,NA,NA,NA,NA,NA
"track","Oceans&Coasts_Seakamela",NA,NA,NA,"131131","131131","PTT",NA,NA,NA,NA,NA,NA,NA,NA,NA,NA,NA,NA,NA,NA,NA,NA
"track","Oceans&Coasts_Seakamela",NA,NA,NA,"131135","131135","PTT",NA,NA,NA,NA,NA,NA,NA,NA,NA,NA,NA,NA,NA,NA,NA,NA
"track","Oceans&Coasts_Seakamela",NA,NA,NA,"131138","131138","PTT",NA,NA,NA,NA,NA,NA,NA,NA,NA,NA,NA,NA,NA,NA,NA,NA
"track","Oceans&Coasts_Seakamela",NA,NA,NA,"132194","132194","PTT",NA,NA,NA,NA,NA,NA,NA,NA,NA,NA,NA,NA,NA,NA,NA,NA
"track","Oceans&Coasts_Seakamela",NA,NA,NA,"32934","32934","PTT",NA,NA,NA,NA,NA,NA,NA,NA,NA,NA,NA,NA,NA,NA,NA,NA
"track","Oceans&Coasts_Seakamela",NA,NA,NA,"32945","32945","PTT",NA,NA,NA,NA,NA,NA,NA,NA,NA,NA,NA,NA,NA,NA,NA,NA
"track","Oceans&Coasts_Seakamela",NA,NA,NA,"142928","142928","PTT",NA,NA,NA,NA,NA,NA,NA,NA,NA,NA,NA,NA,NA,NA,NA,NA
"track","Oceans&Coasts_Seakamela",NA,NA,NA,"142929","142929","PTT",NA,NA,NA,NA,NA,NA,NA,NA,NA,NA,NA,NA,NA,NA,NA,NA
"track","Oceans&Coasts_Seakamela",NA,NA,NA,"142930","142930","PTT",NA,NA,NA,NA,NA,NA,NA,NA,NA,NA,NA,NA,NA,NA,NA,NA
"track","Oceans&Coasts_Seakamela",NA,NA,NA,"142931","142931","PTT",NA,NA,NA,NA,NA,NA,NA,NA,NA,NA,NA,NA,NA,NA,NA,NA
"track","Oceans&Coasts_Seakamela",NA,NA,NA,"142932","142932","PTT",NA,NA,NA,NA,NA,NA,NA,NA,NA,NA,NA,NA,NA,NA,NA,NA
"track","Oceans&Coasts_Seakamela",NA,NA,NA,"142933","142933","PTT",NA,NA,NA,NA,NA,NA,NA,NA,NA,NA,NA,NA,NA,NA,NA,NA
"track","Oceans&Coasts_Seakamela",NA,NA,NA,"142934","142934","PTT",NA,NA,NA,NA,NA,NA,NA,NA,NA,NA,NA,NA,NA,NA,NA,NA
"track","Oceans&Coasts_Seakamela",NA,NA,NA,"142935","142935","PTT",NA,NA,NA,NA,NA,NA,NA,NA,NA,NA,NA,NA,NA,NA,NA,NA
"track","Oceans&Coasts_Seakamela",NA,NA,NA,"142936","142936","PTT",NA,NA,NA,NA,NA,NA,NA,NA,NA,NA,NA,NA,NA,NA,NA,NA
"track","Oceans&Coasts_Seakamela",NA,NA,NA,"142937","142937","PTT",NA,NA,NA,NA,NA,NA,NA,NA,NA,NA,NA,NA,NA,NA,NA,NA
"track","Oceans&Coasts_Seakamela",NA,NA,NA,"158093","158093","PTT",NA,NA,NA,NA,NA,NA,NA,NA,NA,NA,NA,NA,NA,NA,NA,NA
"track","Oceans&Coasts_Seakamela",NA,NA,NA,"158094","158094","PTT",NA,NA,NA,NA,NA,NA,NA,NA,NA,NA,NA,NA,NA,NA,NA,NA
"track","Oceans&Coasts_Seakamela",NA,NA,NA,"158096","158096","PTT",NA,NA,NA,NA,NA,NA,NA,NA,NA,NA,NA,NA,NA,NA,NA,NA
"track","Oceans&Coasts_Seakamela",NA,NA,NA,"158097","158097","PTT",NA,NA,NA,NA,NA,NA,NA,NA,NA,NA,NA,NA,NA,NA,NA,NA
"track","Oceans&Coasts_Seakamela",NA,NA,NA,"158098","158098","PTT",NA,NA,NA,NA,NA,NA,NA,NA,NA,NA,NA,NA,NA,NA,NA,NA
"track","Zerbini",NA,NA,NA,"Braz-2003-20162","Braz-2003-20162","PTT",NA,NA,NA,NA,NA,NA,NA,NA,NA,NA,NA,NA,NA,NA,NA,NA
"track","Zerbini",NA,NA,NA,"Braz-2003-20687","Braz-2003-20687","PTT",NA,NA,NA,NA,NA,NA,NA,NA,NA,NA,NA,NA,NA,NA,NA,NA
"track","Zerbini",NA,NA,NA,"Braz-2003-21791","Braz-2003-21791","PTT",NA,NA,NA,NA,NA,NA,NA,NA,NA,NA,NA,NA,NA,NA,NA,NA
"track","Zerbini",NA,NA,NA,"Braz-2003-21792","Braz-2003-21792","PTT",NA,NA,NA,NA,NA,NA,NA,NA,NA,NA,NA,NA,NA,NA,NA,NA
"track","Zerbini",NA,NA,NA,"Braz-2003-21800","Braz-2003-21800","PTT",NA,NA,NA,NA,NA,NA,NA,NA,NA,NA,NA,NA,NA,NA,NA,NA
"track","Zerbini",NA,NA,NA,"Braz-2003-21809","Braz-2003-21809","PTT",NA,NA,NA,NA,NA,NA,NA,NA,NA,NA,NA,NA,NA,NA,NA,NA
"track","Zerbini",NA,NA,NA,"Braz-2003-21810","Braz-2003-21810","PTT",NA,NA,NA,NA,NA,NA,NA,NA,NA,NA,NA,NA,NA,NA,NA,NA
"track","Zerbini",NA,NA,NA,"Braz-2003-24640","Braz-2003-24640","PTT",NA,NA,NA,NA,NA,NA,NA,NA,NA,NA,NA,NA,NA,NA,NA,NA
"track","Zerbini",NA,NA,NA,"Braz-2003-24642","Braz-2003-24642","PTT",NA,NA,NA,NA,NA,NA,NA,NA,NA,NA,NA,NA,NA,NA,NA,NA
"track","Zerbini",NA,NA,NA,"Braz-2003-27259","Braz-2003-27259","PTT",NA,NA,NA,NA,NA,NA,NA,NA,NA,NA,NA,NA,NA,NA,NA,NA
"track","Zerbini",NA,NA,NA,"Braz-2003-27261","Braz-2003-27261","PTT",NA,NA,NA,NA,NA,NA,NA,NA,NA,NA,NA,NA,NA,NA,NA,NA
"track","Zerbini",NA,NA,NA,"Braz-2005-7617","Braz-2005-7617","PTT",NA,NA,NA,NA,NA,NA,NA,NA,NA,NA,NA,NA,NA,NA,NA,NA
"track","Zerbini",NA,NA,NA,"Braz-2005-7618","Braz-2005-7618","PTT",NA,NA,NA,NA,NA,NA,NA,NA,NA,NA,NA,NA,NA,NA,NA,NA
"track","Zerbini",NA,NA,NA,"Braz-2005-10946","Braz-2005-10946","PTT",NA,NA,NA,NA,NA,NA,NA,NA,NA,NA,NA,NA,NA,NA,NA,NA
"track","Zerbini",NA,NA,NA,"Braz-2005-24641","Braz-2005-24641","PTT",NA,NA,NA,NA,NA,NA,NA,NA,NA,NA,NA,NA,NA,NA,NA,NA
"track","Zerbini",NA,NA,NA,"Braz-2005-26712","Braz-2005-26712","PTT",NA,NA,NA,NA,NA,NA,NA,NA,NA,NA,NA,NA,NA,NA,NA,NA
"track","Zerbini",NA,NA,NA,"Braz-2005-27258","Braz-2005-27258","PTT",NA,NA,NA,NA,NA,NA,NA,NA,NA,NA,NA,NA,NA,NA,NA,NA
"track","Zerbini",NA,NA,NA,"Braz-2005-27259","Braz-2005-27259","PTT",NA,NA,NA,NA,NA,NA,NA,NA,NA,NA,NA,NA,NA,NA,NA,NA
"track","Zerbini",NA,NA,NA,"Braz-2005-27261","Braz-2005-27261","PTT",NA,NA,NA,NA,NA,NA,NA,NA,NA,NA,NA,NA,NA,NA,NA,NA
"track","Zerbini",NA,NA,NA,"Braz-2005-33000","Braz-2005-33000","PTT",NA,NA,NA,NA,NA,NA,NA,NA,NA,NA,NA,NA,NA,NA,NA,NA
"track","Zerbini",NA,NA,NA,"Braz-2005-33001","Braz-2005-33001","PTT",NA,NA,NA,NA,NA,NA,NA,NA,NA,NA,NA,NA,NA,NA,NA,NA
"track","Zerbini",NA,NA,NA,"Braz-2005-37229","Braz-2005-37229","PTT",NA,NA,NA,NA,NA,NA,NA,NA,NA,NA,NA,NA,NA,NA,NA,NA
"track","Zerbini",NA,NA,NA,"Braz-2005-37231","Braz-2005-37231","PTT",NA,NA,NA,NA,NA,NA,NA,NA,NA,NA,NA,NA,NA,NA,NA,NA
"track","Zerbini",NA,NA,NA,"Braz-2005-37234","Braz-2005-37234","PTT",NA,NA,NA,NA,NA,NA,NA,NA,NA,NA,NA,NA,NA,NA,NA,NA
"track","Zerbini",NA,NA,NA,"Braz-2006-27259","Braz-2006-27259","PTT",NA,NA,NA,NA,NA,NA,NA,NA,NA,NA,NA,NA,NA,NA,NA,NA
"track","Zerbini",NA,NA,NA,"Braz-2006-33000","Braz-2006-33000","PTT",NA,NA,NA,NA,NA,NA,NA,NA,NA,NA,NA,NA,NA,NA,NA,NA
"track","Zerbini",NA,NA,NA,"Braz-2006-33001","Braz-2006-33001","PTT",NA,NA,NA,NA,NA,NA,NA,NA,NA,NA,NA,NA,NA,NA,NA,NA
"track","Zerbini",NA,NA,NA,"Braz-2006-37229","Braz-2006-37229","PTT",NA,NA,NA,NA,NA,NA,NA,NA,NA,NA,NA,NA,NA,NA,NA,NA
"track","Zerbini",NA,NA,NA,"Braz-2006-37230","Braz-2006-37230","PTT",NA,NA,NA,NA,NA,NA,NA,NA,NA,NA,NA,NA,NA,NA,NA,NA
"track","Zerbini",NA,NA,NA,"Braz-2006-37234","Braz-2006-37234","PTT",NA,NA,NA,NA,NA,NA,NA,NA,NA,NA,NA,NA,NA,NA,NA,NA
"track","Zerbini",NA,NA,NA,"Braz-2006-37236","Braz-2006-37236","PTT",NA,NA,NA,NA,NA,NA,NA,NA,NA,NA,NA,NA,NA,NA,NA,NA
"track","Zerbini",NA,NA,NA,"Braz-2006-37282","Braz-2006-37282","PTT",NA,NA,NA,NA,NA,NA,NA,NA,NA,NA,NA,NA,NA,NA,NA,NA
"track","Zerbini",NA,NA,NA,"Braz-2006-37288","Braz-2006-37288","PTT",NA,NA,NA,NA,NA,NA,NA,NA,NA,NA,NA,NA,NA,NA,NA,NA
"track","Zerbini",NA,NA,NA,"Braz-2006-42521","Braz-2006-42521","PTT",NA,NA,NA,NA,NA,NA,NA,NA,NA,NA,NA,NA,NA,NA,NA,NA
"track","Zerbini",NA,NA,NA,"Braz-2006-50682","Braz-2006-50682","PTT",NA,NA,NA,NA,NA,NA,NA,NA,NA,NA,NA,NA,NA,NA,NA,NA
"track","Zerbini",NA,NA,NA,"Braz-2007-27261","Braz-2007-27261","PTT",NA,NA,NA,NA,NA,NA,NA,NA,NA,NA,NA,NA,NA,NA,NA,NA
"track","Zerbini",NA,NA,NA,"Braz-2007-37231","Braz-2007-37231","PTT",NA,NA,NA,NA,NA,NA,NA,NA,NA,NA,NA,NA,NA,NA,NA,NA
"track","Zerbini",NA,NA,NA,"Braz-2007-37286","Braz-2007-37286","PTT",NA,NA,NA,NA,NA,NA,NA,NA,NA,NA,NA,NA,NA,NA,NA,NA
"track","Zerbini",NA,NA,NA,"Braz-2007-37288","Braz-2007-37288","PTT",NA,NA,NA,NA,NA,NA,NA,NA,NA,NA,NA,NA,NA,NA,NA,NA
"track","Zerbini",NA,NA,NA,"Braz-2007-42521","Braz-2007-42521","PTT",NA,NA,NA,NA,NA,NA,NA,NA,NA,NA,NA,NA,NA,NA,NA,NA
"track","Zerbini",NA,NA,NA,"Braz-2007-42525","Braz-2007-42525","PTT",NA,NA,NA,NA,NA,NA,NA,NA,NA,NA,NA,NA,NA,NA,NA,NA
"track","Zerbini",NA,NA,NA,"Braz-2007-50682","Braz-2007-50682","PTT",NA,NA,NA,NA,NA,NA,NA,NA,NA,NA,NA,NA,NA,NA,NA,NA
"track","Zerbini",NA,NA,NA,"Braz-2007-50686","Braz-2007-50686","PTT",NA,NA,NA,NA,NA,NA,NA,NA,NA,NA,NA,NA,NA,NA,NA,NA
"track","Zerbini",NA,NA,NA,"Braz-2007-50687","Braz-2007-50687","PTT",NA,NA,NA,NA,NA,NA,NA,NA,NA,NA,NA,NA,NA,NA,NA,NA
"track","Zerbini",NA,NA,NA,"Braz-2007-60004","Braz-2007-60004","PTT",NA,NA,NA,NA,NA,NA,NA,NA,NA,NA,NA,NA,NA,NA,NA,NA
"track","Zerbini",NA,NA,NA,"Braz-2007-60007","Braz-2007-60007","PTT",NA,NA,NA,NA,NA,NA,NA,NA,NA,NA,NA,NA,NA,NA,NA,NA
"track","Zerbini",NA,NA,NA,"Braz-2008-87759","Braz-2008-87759","PTT",NA,NA,NA,NA,NA,NA,NA,NA,NA,NA,NA,NA,NA,NA,NA,NA
"track","Zerbini",NA,NA,NA,"Braz-2008-87760","Braz-2008-87760","PTT",NA,NA,NA,NA,NA,NA,NA,NA,NA,NA,NA,NA,NA,NA,NA,NA
"track","Zerbini",NA,NA,NA,"Braz-2008-87761","Braz-2008-87761","PTT",NA,NA,NA,NA,NA,NA,NA,NA,NA,NA,NA,NA,NA,NA,NA,NA
"track","Zerbini",NA,NA,NA,"Braz-2008-87762","Braz-2008-87762","PTT",NA,NA,NA,NA,NA,NA,NA,NA,NA,NA,NA,NA,NA,NA,NA,NA
"track","Zerbini",NA,NA,NA,"Braz-2008-87763","Braz-2008-87763","PTT",NA,NA,NA,NA,NA,NA,NA,NA,NA,NA,NA,NA,NA,NA,NA,NA
"track","Zerbini",NA,NA,NA,"Braz-2008-87764","Braz-2008-87764","PTT",NA,NA,NA,NA,NA,NA,NA,NA,NA,NA,NA,NA,NA,NA,NA,NA
"track","Zerbini",NA,NA,NA,"Braz-2008-87765","Braz-2008-87765","PTT",NA,NA,NA,NA,NA,NA,NA,NA,NA,NA,NA,NA,NA,NA,NA,NA
"track","Zerbini",NA,NA,NA,"Braz-2008-87766","Braz-2008-87766","PTT",NA,NA,NA,NA,NA,NA,NA,NA,NA,NA,NA,NA,NA,NA,NA,NA
"track","Zerbini",NA,NA,NA,"Braz-2008-87767","Braz-2008-87767","PTT",NA,NA,NA,NA,NA,NA,NA,NA,NA,NA,NA,NA,NA,NA,NA,NA
"track","Zerbini",NA,NA,NA,"Braz-2008-87768","Braz-2008-87768","PTT",NA,NA,NA,NA,NA,NA,NA,NA,NA,NA,NA,NA,NA,NA,NA,NA
"track","Zerbini",NA,NA,NA,"Braz-2008-87769","Braz-2008-87769","PTT",NA,NA,NA,NA,NA,NA,NA,NA,NA,NA,NA,NA,NA,NA,NA,NA
"track","Zerbini",NA,NA,NA,"Braz-2008-87770","Braz-2008-87770","PTT",NA,NA,NA,NA,NA,NA,NA,NA,NA,NA,NA,NA,NA,NA,NA,NA
"track","Zerbini",NA,NA,NA,"Braz-2008-87773","Braz-2008-87773","PTT",NA,NA,NA,NA,NA,NA,NA,NA,NA,NA,NA,NA,NA,NA,NA,NA
"track","Zerbini",NA,NA,NA,"Braz-2008-87774","Braz-2008-87774","PTT",NA,NA,NA,NA,NA,NA,NA,NA,NA,NA,NA,NA,NA,NA,NA,NA
"track","Zerbini",NA,NA,NA,"Braz-2008-87775","Braz-2008-87775","PTT",NA,NA,NA,NA,NA,NA,NA,NA,NA,NA,NA,NA,NA,NA,NA,NA
"track","Zerbini",NA,NA,NA,"Braz-2008-87776","Braz-2008-87776","PTT",NA,NA,NA,NA,NA,NA,NA,NA,NA,NA,NA,NA,NA,NA,NA,NA
"track","Zerbini",NA,NA,NA,"Braz-2008-87777","Braz-2008-87777","PTT",NA,NA,NA,NA,NA,NA,NA,NA,NA,NA,NA,NA,NA,NA,NA,NA
"track","Zerbini",NA,NA,NA,"Braz-2008-87778","Braz-2008-87778","PTT",NA,NA,NA,NA,NA,NA,NA,NA,NA,NA,NA,NA,NA,NA,NA,NA
"track","Zerbini",NA,NA,NA,"Braz-2009-81122","Braz-2009-81122","PTT",NA,NA,NA,NA,NA,NA,NA,NA,NA,NA,NA,NA,NA,NA,NA,NA
"track","Zerbini",NA,NA,NA,"Braz-2009-81123","Braz-2009-81123","PTT",NA,NA,NA,NA,NA,NA,NA,NA,NA,NA,NA,NA,NA,NA,NA,NA
"track","Zerbini",NA,NA,NA,"Braz-2009-81124","Braz-2009-81124","PTT",NA,NA,NA,NA,NA,NA,NA,NA,NA,NA,NA,NA,NA,NA,NA,NA
"track","Zerbini",NA,NA,NA,"Braz-2009-81125","Braz-2009-81125","PTT",NA,NA,NA,NA,NA,NA,NA,NA,NA,NA,NA,NA,NA,NA,NA,NA
"track","Zerbini",NA,NA,NA,"Braz-2009-81126","Braz-2009-81126","PTT",NA,NA,NA,NA,NA,NA,NA,NA,NA,NA,NA,NA,NA,NA,NA,NA
"track","Zerbini",NA,NA,NA,"Braz-2009-87771","Braz-2009-87771","PTT",NA,NA,NA,NA,NA,NA,NA,NA,NA,NA,NA,NA,NA,NA,NA,NA
"track","Zerbini",NA,NA,NA,"Braz-2009-87773","Braz-2009-87773","PTT",NA,NA,NA,NA,NA,NA,NA,NA,NA,NA,NA,NA,NA,NA,NA,NA
"track","Zerbini",NA,NA,NA,"Braz-2009-87774","Braz-2009-87774","PTT",NA,NA,NA,NA,NA,NA,NA,NA,NA,NA,NA,NA,NA,NA,NA,NA
"track","Zerbini",NA,NA,NA,"Braz-2009-87783","Braz-2009-87783","PTT",NA,NA,NA,NA,NA,NA,NA,NA,NA,NA,NA,NA,NA,NA,NA,NA
"track","Zerbini",NA,NA,NA,"Braz-2009-88719","Braz-2009-88719","PTT",NA,NA,NA,NA,NA,NA,NA,NA,NA,NA,NA,NA,NA,NA,NA,NA
"track","Zerbini",NA,NA,NA,"Braz-2009-88720","Braz-2009-88720","PTT",NA,NA,NA,NA,NA,NA,NA,NA,NA,NA,NA,NA,NA,NA,NA,NA
"track","Zerbini",NA,NA,NA,"Braz-2009-88727","Braz-2009-88727","PTT",NA,NA,NA,NA,NA,NA,NA,NA,NA,NA,NA,NA,NA,NA,NA,NA
"track","Zerbini",NA,NA,NA,"Braz-2010-84496","Braz-2010-84496","PTT",NA,NA,NA,NA,NA,NA,NA,NA,NA,NA,NA,NA,NA,NA,NA,NA
"track","Zerbini",NA,NA,NA,"Braz-2010-84497","Braz-2010-84497","PTT",NA,NA,NA,NA,NA,NA,NA,NA,NA,NA,NA,NA,NA,NA,NA,NA
"track","Zerbini",NA,NA,NA,"Braz-2010-87624","Braz-2010-87624","PTT",NA,NA,NA,NA,NA,NA,NA,NA,NA,NA,NA,NA,NA,NA,NA,NA
"track","Zerbini",NA,NA,NA,"Braz-2010-87631","Braz-2010-87631","PTT",NA,NA,NA,NA,NA,NA,NA,NA,NA,NA,NA,NA,NA,NA,NA,NA
"track","Zerbini",NA,NA,NA,"Braz-2010-87759","Braz-2010-87759","PTT",NA,NA,NA,NA,NA,NA,NA,NA,NA,NA,NA,NA,NA,NA,NA,NA
"track","Zerbini",NA,NA,NA,"Braz-2010-87773","Braz-2010-87773","PTT",NA,NA,NA,NA,NA,NA,NA,NA,NA,NA,NA,NA,NA,NA,NA,NA
"track","Zerbini",NA,NA,NA,"Braz-2010-87777","Braz-2010-87777","PTT",NA,NA,NA,NA,NA,NA,NA,NA,NA,NA,NA,NA,NA,NA,NA,NA
"track","Zerbini",NA,NA,NA,"Braz-2010-87778","Braz-2010-87778","PTT",NA,NA,NA,NA,NA,NA,NA,NA,NA,NA,NA,NA,NA,NA,NA,NA
"track","Zerbini",NA,NA,NA,"Braz-2010-87781","Braz-2010-87781","PTT",NA,NA,NA,NA,NA,NA,NA,NA,NA,NA,NA,NA,NA,NA,NA,NA
"track","Zerbini",NA,NA,NA,"Braz-2010-88724","Braz-2010-88724","PTT",NA,NA,NA,NA,NA,NA,NA,NA,NA,NA,NA,NA,NA,NA,NA,NA
"track","Zerbini",NA,NA,NA,"Braz-2010-88726","Braz-2010-88726","PTT",NA,NA,NA,NA,NA,NA,NA,NA,NA,NA,NA,NA,NA,NA,NA,NA
"track","Zerbini",NA,NA,NA,"Braz-2010-96380","Braz-2010-96380","PTT",NA,NA,NA,NA,NA,NA,NA,NA,NA,NA,NA,NA,NA,NA,NA,NA
"track","Zerbini",NA,NA,NA,"Braz-2010-102211","Braz-2010-102211","PTT",NA,NA,NA,NA,NA,NA,NA,NA,NA,NA,NA,NA,NA,NA,NA,NA
"track","Zerbini",NA,NA,NA,"Braz-2011-87768","Braz-2011-87768","PTT",NA,NA,NA,NA,NA,NA,NA,NA,NA,NA,NA,NA,NA,NA,NA,NA
"track","Zerbini",NA,NA,NA,"Braz-2011-87769","Braz-2011-87769","PTT",NA,NA,NA,NA,NA,NA,NA,NA,NA,NA,NA,NA,NA,NA,NA,NA
"track","Zerbini",NA,NA,NA,"Braz-2011-87773","Braz-2011-87773","PTT",NA,NA,NA,NA,NA,NA,NA,NA,NA,NA,NA,NA,NA,NA,NA,NA
"track","Zerbini",NA,NA,NA,"Braz-2011-87774","Braz-2011-87774","PTT",NA,NA,NA,NA,NA,NA,NA,NA,NA,NA,NA,NA,NA,NA,NA,NA
"track","Zerbini",NA,NA,NA,"Braz-2011-87776","Braz-2011-87776","PTT",NA,NA,NA,NA,NA,NA,NA,NA,NA,NA,NA,NA,NA,NA,NA,NA
"track","Zerbini",NA,NA,NA,"Braz-2011-87783","Braz-2011-87783","PTT",NA,NA,NA,NA,NA,NA,NA,NA,NA,NA,NA,NA,NA,NA,NA,NA
"track","Zerbini",NA,NA,NA,"Braz-2011-111868","Braz-2011-111868","PTT",NA,NA,NA,NA,NA,NA,NA,NA,NA,NA,NA,NA,NA,NA,NA,NA
"track","Zerbini",NA,NA,NA,"Braz-2011-111869","Braz-2011-111869","PTT",NA,NA,NA,NA,NA,NA,NA,NA,NA,NA,NA,NA,NA,NA,NA,NA
"track","Zerbini",NA,NA,NA,"Braz-2012-84480","Braz-2012-84480","PTT",NA,NA,NA,NA,NA,NA,NA,NA,NA,NA,NA,NA,NA,NA,NA,NA
"track","Zerbini",NA,NA,NA,"Braz-2012-87632","Braz-2012-87632","PTT",NA,NA,NA,NA,NA,NA,NA,NA,NA,NA,NA,NA,NA,NA,NA,NA
"track","Zerbini",NA,NA,NA,"Braz-2012-87775","Braz-2012-87775","PTT",NA,NA,NA,NA,NA,NA,NA,NA,NA,NA,NA,NA,NA,NA,NA,NA
"track","Zerbini",NA,NA,NA,"Braz-2012-111871","Braz-2012-111871","PTT",NA,NA,NA,NA,NA,NA,NA,NA,NA,NA,NA,NA,NA,NA,NA,NA
"track","Zerbini",NA,NA,NA,"Braz-2012-112694","Braz-2012-112694","PTT",NA,NA,NA,NA,NA,NA,NA,NA,NA,NA,NA,NA,NA,NA,NA,NA
"track","Zerbini",NA,NA,NA,"Braz-2012-112702","Braz-2012-112702","PTT",NA,NA,NA,NA,NA,NA,NA,NA,NA,NA,NA,NA,NA,NA,NA,NA
"track","Zerbini",NA,NA,NA,"Braz-2012-112712","Braz-2012-112712","PTT",NA,NA,NA,NA,NA,NA,NA,NA,NA,NA,NA,NA,NA,NA,NA,NA
"track","Zerbini",NA,NA,NA,"Braz-2012-112714","Braz-2012-112714","PTT",NA,NA,NA,NA,NA,NA,NA,NA,NA,NA,NA,NA,NA,NA,NA,NA
"track","Zerbini",NA,NA,NA,"Braz-2012-112717","Braz-2012-112717","PTT",NA,NA,NA,NA,NA,NA,NA,NA,NA,NA,NA,NA,NA,NA,NA,NA
"track","Zerbini",NA,NA,NA,"Braz-2012-120947","Braz-2012-120947","PTT",NA,NA,NA,NA,NA,NA,NA,NA,NA,NA,NA,NA,NA,NA,NA,NA
"track","Zerbini",NA,NA,NA,"Braz-2012-121189","Braz-2012-121189","PTT",NA,NA,NA,NA,NA,NA,NA,NA,NA,NA,NA,NA,NA,NA,NA,NA
"track","Zerbini",NA,NA,NA,"Braz-2012-121192","Braz-2012-121192","PTT",NA,NA,NA,NA,NA,NA,NA,NA,NA,NA,NA,NA,NA,NA,NA,NA
"track","Zerbini",NA,NA,NA,"Braz-2012-121193","Braz-2012-121193","PTT",NA,NA,NA,NA,NA,NA,NA,NA,NA,NA,NA,NA,NA,NA,NA,NA
"track","Zerbini",NA,NA,NA,"Braz-2012-121194","Braz-2012-121194","PTT",NA,NA,NA,NA,NA,NA,NA,NA,NA,NA,NA,NA,NA,NA,NA,NA
"track","Zerbini",NA,NA,NA,"Braz-2012-121195","Braz-2012-121195","PTT",NA,NA,NA,NA,NA,NA,NA,NA,NA,NA,NA,NA,NA,NA,NA,NA
"track","Zerbini",NA,NA,NA,"Braz-2012-121196","Braz-2012-121196","PTT",NA,NA,NA,NA,NA,NA,NA,NA,NA,NA,NA,NA,NA,NA,NA,NA
"track","Zerbini",NA,NA,NA,"Braz-2016-87776","Braz-2016-87776","PTT",NA,NA,NA,NA,NA,NA,NA,NA,NA,NA,NA,NA,NA,NA,NA,NA
"track","Zerbini",NA,NA,NA,"Braz-2016-111868","Braz-2016-111868","PTT",NA,NA,NA,NA,NA,NA,NA,NA,NA,NA,NA,NA,NA,NA,NA,NA
"track","Zerbini",NA,NA,NA,"Braz-2016-120938","Braz-2016-120938","PTT",NA,NA,NA,NA,NA,NA,NA,NA,NA,NA,NA,NA,NA,NA,NA,NA
"track","Zerbini",NA,NA,NA,"Braz-2017-84484","Braz-2017-84484","PTT",NA,NA,NA,NA,NA,NA,NA,NA,NA,NA,NA,NA,NA,NA,NA,NA
"track","Zerbini",NA,NA,NA,"Braz-2017-84485","Braz-2017-84485","PTT",NA,NA,NA,NA,NA,NA,NA,NA,NA,NA,NA,NA,NA,NA,NA,NA
"track","Zerbini",NA,NA,NA,"Braz-2017-87635","Braz-2017-87635","PTT",NA,NA,NA,NA,NA,NA,NA,NA,NA,NA,NA,NA,NA,NA,NA,NA
"track","Zerbini",NA,NA,NA,"Braz-2017-87776","Braz-2017-87776","PTT",NA,NA,NA,NA,NA,NA,NA,NA,NA,NA,NA,NA,NA,NA,NA,NA
"track","Zerbini",NA,NA,NA,"Braz-2017-87777","Braz-2017-87777","PTT",NA,NA,NA,NA,NA,NA,NA,NA,NA,NA,NA,NA,NA,NA,NA,NA
"track","Zerbini",NA,NA,NA,"Braz-2017-87780","Braz-2017-87780","PTT",NA,NA,NA,NA,NA,NA,NA,NA,NA,NA,NA,NA,NA,NA,NA,NA
"track","Zerbini",NA,NA,NA,"Braz-2017-111869","Braz-2017-111869","PTT",NA,NA,NA,NA,NA,NA,NA,NA,NA,NA,NA,NA,NA,NA,NA,NA
"track","Zerbini",NA,NA,NA,"Braz-2017-111870","Braz-2017-111870","PTT",NA,NA,NA,NA,NA,NA,NA,NA,NA,NA,NA,NA,NA,NA,NA,NA
"track","Zerbini",NA,NA,NA,"Braz-2017-112696","Braz-2017-112696","PTT",NA,NA,NA,NA,NA,NA,NA,NA,NA,NA,NA,NA,NA,NA,NA,NA
"track","Zerbini",NA,NA,NA,"Braz-2017-112728","Braz-2017-112728","PTT",NA,NA,NA,NA,NA,NA,NA,NA,NA,NA,NA,NA,NA,NA,NA,NA
"track","Zerbini",NA,NA,NA,"Braz-2017-120937","Braz-2017-120937","PTT",NA,NA,NA,NA,NA,NA,NA,NA,NA,NA,NA,NA,NA,NA,NA,NA
"track","Zerbini",NA,NA,NA,"Braz-2017-120942","Braz-2017-120942","PTT",NA,NA,NA,NA,NA,NA,NA,NA,NA,NA,NA,NA,NA,NA,NA,NA
"track","Zerbini",NA,NA,NA,"Braz-2017-120943","Braz-2017-120943","PTT",NA,NA,NA,NA,NA,NA,NA,NA,NA,NA,NA,NA,NA,NA,NA,NA
"track","Zerbini",NA,NA,NA,"Braz-2017-120947","Braz-2017-120947","PTT",NA,NA,NA,NA,NA,NA,NA,NA,NA,NA,NA,NA,NA,NA,NA,NA
"track","Zerbini",NA,NA,NA,"Braz-2017-121191","Braz-2017-121191","PTT",NA,NA,NA,NA,NA,NA,NA,NA,NA,NA,NA,NA,NA,NA,NA,NA
"track","Zerbini",NA,NA,NA,"Braz-2017-121203","Braz-2017-121203","PTT",NA,NA,NA,NA,NA,NA,NA,NA,NA,NA,NA,NA,NA,NA,NA,NA
"track","Zerbini",NA,NA,NA,"Braz-2017-121206","Braz-2017-121206","PTT",NA,NA,NA,NA,NA,NA,NA,NA,NA,NA,NA,NA,NA,NA,NA,NA
"track","Zerbini",NA,NA,NA,"Braz-2017-123226","Braz-2017-123226","PTT",NA,NA,NA,NA,NA,NA,NA,NA,NA,NA,NA,NA,NA,NA,NA,NA
"track","Zerbini",NA,NA,NA,"Braz-2017-171997","Braz-2017-171997","PTT",NA,NA,NA,NA,NA,NA,NA,NA,NA,NA,NA,NA,NA,NA,NA,NA
"track","Zerbini",NA,NA,NA,"Braz-2017-172000","Braz-2017-172000","PTT",NA,NA,NA,NA,NA,NA,NA,NA,NA,NA,NA,NA,NA,NA,NA,NA
"track","Zerbini",NA,NA,NA,"Braz-2017-172001","Braz-2017-172001","PTT",NA,NA,NA,NA,NA,NA,NA,NA,NA,NA,NA,NA,NA,NA,NA,NA
"track","Zerbini",NA,NA,NA,"Braz-2017-172002","Braz-2017-172002","PTT",NA,NA,NA,NA,NA,NA,NA,NA,NA,NA,NA,NA,NA,NA,NA,NA
"track","Zerbini",NA,NA,NA,"Braz-2017-172003","Braz-2017-172003","PTT",NA,NA,NA,NA,NA,NA,NA,NA,NA,NA,NA,NA,NA,NA,NA,NA
"track","Zerbini",NA,NA,NA,"Braz-2017-172004","Braz-2017-172004","PTT",NA,NA,NA,NA,NA,NA,NA,NA,NA,NA,NA,NA,NA,NA,NA,NA
"track","Zerbini",NA,NA,NA,"Braz-2018-111868","Braz-2018-111868","PTT",NA,NA,NA,NA,NA,NA,NA,NA,NA,NA,NA,NA,NA,NA,NA,NA
"track","Zerbini",NA,NA,NA,"Braz-2018-111870","Braz-2018-111870","PTT",NA,NA,NA,NA,NA,NA,NA,NA,NA,NA,NA,NA,NA,NA,NA,NA
"track","Zerbini",NA,NA,NA,"Braz-2018-112696","Braz-2018-112696","PTT",NA,NA,NA,NA,NA,NA,NA,NA,NA,NA,NA,NA,NA,NA,NA,NA
"track","Zerbini",NA,NA,NA,"Braz-2018-112719","Braz-2018-112719","PTT",NA,NA,NA,NA,NA,NA,NA,NA,NA,NA,NA,NA,NA,NA,NA,NA
"track","Zerbini",NA,NA,NA,"Braz-2018-120938","Braz-2018-120938","PTT",NA,NA,NA,NA,NA,NA,NA,NA,NA,NA,NA,NA,NA,NA,NA,NA
"track","Zerbini",NA,NA,NA,"Braz-2018-120942","Braz-2018-120942","PTT",NA,NA,NA,NA,NA,NA,NA,NA,NA,NA,NA,NA,NA,NA,NA,NA
"track","Zerbini",NA,NA,NA,"Braz-2018-121191","Braz-2018-121191","PTT",NA,NA,NA,NA,NA,NA,NA,NA,NA,NA,NA,NA,NA,NA,NA,NA
"track","Zerbini",NA,NA,NA,"Braz-2018-171994","Braz-2018-171994","PTT",NA,NA,NA,NA,NA,NA,NA,NA,NA,NA,NA,NA,NA,NA,NA,NA
"track","Zerbini",NA,NA,NA,"Braz-2018-171995","Braz-2018-171995","PTT",NA,NA,NA,NA,NA,NA,NA,NA,NA,NA,NA,NA,NA,NA,NA,NA
"track","Zerbini",NA,NA,NA,"Braz-2018-172008","Braz-2018-172008","PTT",NA,NA,NA,NA,NA,NA,NA,NA,NA,NA,NA,NA,NA,NA,NA,NA
"track","Zerbini",NA,NA,NA,"Braz-2018-84484","Braz-2018-84484","PTT",NA,NA,NA,NA,NA,NA,NA,NA,NA,NA,NA,NA,NA,NA,NA,NA
"track","Zerbini",NA,NA,NA,"Braz-2018-84485","Braz-2018-84485","PTT",NA,NA,NA,NA,NA,NA,NA,NA,NA,NA,NA,NA,NA,NA,NA,NA
"track","Zerbini",NA,NA,NA,"Braz-2018-87640","Braz-2018-87640","PTT",NA,NA,NA,NA,NA,NA,NA,NA,NA,NA,NA,NA,NA,NA,NA,NA
